,iqr,w_0,w_1
0,133.6220428089409,0.0064476155510923006,0.12765323233169287
1,335.5110246584569,0.13080493975042362,-0.27122157417215964
2,361.02172123674035,1.5579084897474058,1.7357102900485346
3,194.40507758955866,0.11525561080060821,-0.35620443403236934
4,108.06021509776781,-0.4482629891648539,0.22175307467375063
