,iqr,w_0,w_1
0,225.59386300601545,0.4818130209353548,0.3071676409871186
1,43.515136165816784,1.2065868006446976,1.5492759562944622
2,158.55019480929104,-0.46800025214822144,0.5721601114772699
3,126.42908442788277,0.367878381159778,0.009185543736012491
4,2.7169207400358104,0.3915321683416197,0.1462111840061324
