,iqr,w_0,w_1
0,84.45731216445401,,
1,83.03970682717411,,
2,83.57772557803912,-1.4228618098717865,3.2847633595369095
3,78.38846281820838,,
4,82.73872115741005,,
5,81.61283754287172,0.7610461388055412,0.7959763114223285
6,82.87219610942486,,
7,81.79397857725918,-0.8019606948568649,0.5817695843026854
8,81.55185857240798,,
9,81.61976721032411,,
