,iqr,w_0,w_1
0,49.4286274472057,-0.5110086788017143,0.2649994330748614
1,50.277714659685,,
2,47.48009128060088,0.04278883896550874,-0.02184404854469029
3,49.26148248248744,,
4,48.21446402949607,,
5,49.7942786931049,0.5694628929702422,0.4150391691415751
6,48.04426885998281,0.8286169985604277,0.6616915144351493
7,49.25210887551969,-1.0423137062534549,1.0654227236609564
8,48.707352851461906,0.04457225248569207,-0.05704120112172122
9,49.30202320889804,,
